"FullName","Length","LastWriteTime"
"M:\OneDrive\Documents\GitHub\CAPM_Exam\_Logs\deepscan_CAPM_Exam_20250814_1306.csv","0","14-Aug-2025 13:06:49"
"M:\OneDrive\Documents\GitHub\CAPM_Exam\ReadMe\ReadMe.docx","25191","14-Aug-2025 13:05:02"
"M:\OneDrive\Documents\GitHub\CAPM_Exam\archive\_Logs\logs_audit_20250814_1256.csv","496","14-Aug-2025 12:56:00"
"M:\OneDrive\Documents\GitHub\CAPM_Exam\archive\_Logs\deepscan_CAPM_Exam_20250814_1238.csv","15736","14-Aug-2025 12:38:07"
"M:\OneDrive\Documents\GitHub\CAPM_Exam\archive\_Logs\deepscan_CAPM_Exam_20250814_1233.csv","15620","14-Aug-2025 12:34:31"
"M:\OneDrive\Documents\GitHub\CAPM_Exam\archive\_Logs\deepscan_excel_to_json_20250814_1233.csv","19711","14-Aug-2025 12:34:31"
"M:\OneDrive\Documents\GitHub\CAPM_Exam\.git\logs\refs\remotes\origin\main","806","13-Aug-2025 22:14:06"
"M:\OneDrive\Documents\GitHub\CAPM_Exam\.git\refs\remotes\origin\main","41","13-Aug-2025 22:14:06"
"M:\OneDrive\Documents\GitHub\CAPM_Exam\.git\refs\heads\main","41","13-Aug-2025 22:13:03"
"M:\OneDrive\Documents\GitHub\CAPM_Exam\.git\logs\HEAD","1495","13-Aug-2025 22:13:03"
"M:\OneDrive\Documents\GitHub\CAPM_Exam\.git\logs\refs\heads\main","994","13-Aug-2025 22:13:03"
"M:\OneDrive\Documents\GitHub\CAPM_Exam\.git\objects\f7\62dc59d28096aa04c096e8314e90232fa8e59b","239","13-Aug-2025 22:13:03"
"M:\OneDrive\Documents\GitHub\CAPM_Exam\.git\index","1871","13-Aug-2025 22:12:57"
"M:\OneDrive\Documents\GitHub\CAPM_Exam\.git\objects\7f\4ef2fad2e5ea4e41b69b7bbcc6c4cce3241a4a","536","13-Aug-2025 22:12:57"
"M:\OneDrive\Documents\GitHub\CAPM_Exam\.git\ORIG_HEAD","41","13-Aug-2025 22:12:57"
"M:\OneDrive\Documents\GitHub\CAPM_Exam\.git\FETCH_HEAD","109","13-Aug-2025 22:12:57"
"M:\OneDrive\Documents\GitHub\CAPM_Exam\.git\objects\5d\d357629664227ad82b15e13b438797d8029c34","1989","13-Aug-2025 22:12:57"
"M:\OneDrive\Documents\GitHub\CAPM_Exam\.git\objects\c8\124b796214c5ca7ee0e7c7fb32e3dc00a3135e","494","13-Aug-2025 22:12:57"
"M:\OneDrive\Documents\GitHub\CAPM_Exam\.git\objects\17\185e177c4f36f3729916075107314a0c6b842f","854","13-Aug-2025 22:12:57"
"M:\OneDrive\Documents\GitHub\CAPM_Exam\.git\objects\70\8042174ceb0c6c65f59f50202ebbfbe49149f0","200","13-Aug-2025 22:12:48"
"M:\OneDrive\Documents\GitHub\CAPM_Exam\.git\COMMIT_EDITMSG","65","13-Aug-2025 22:12:48"
"M:\OneDrive\Documents\GitHub\CAPM_Exam\.git\objects\d7\9dc41c7a5134268296c87049ce0b4a700a3fe1","503","13-Aug-2025 22:12:48"
"M:\OneDrive\Documents\GitHub\CAPM_Exam\.git\objects\c4\670491f0548fe56a7612981e1477c2e946b837","286","13-Aug-2025 22:12:48"
"M:\OneDrive\Documents\GitHub\CAPM_Exam\.git\objects\b0\b1ed1b02882b92714dbb2180845598da9371b1","35026","13-Aug-2025 22:12:29"
"M:\OneDrive\Documents\GitHub\CAPM_Exam\.git\objects\b3\eaa3d6eed8c30c3fa3459571c37a269391fb1d","5471","13-Aug-2025 22:12:29"
"M:\OneDrive\Documents\GitHub\CAPM_Exam\.git\objects\aa\0b439243337cf80e46ae4d0e16af2fe854ae72","35578","13-Aug-2025 22:12:29"
"M:\OneDrive\Documents\GitHub\CAPM_Exam\.git\objects\1d\6395791e37f936fd62cf9cf497b471362a40b6","35248","13-Aug-2025 22:12:29"
"M:\OneDrive\Documents\GitHub\CAPM_Exam\.git\objects\fc\35a0527d7a355405690b4d7bcd51582a37c754","35493","13-Aug-2025 22:12:29"
"M:\OneDrive\Documents\GitHub\CAPM_Exam\.git\objects\23\531d6c7a95bca18bdfe11c625cb4ed7987b5ce","93923","13-Aug-2025 22:12:29"
"M:\OneDrive\Documents\GitHub\CAPM_Exam\docs\CAPM-Exam-Prep_Communications-Management-Approach_v1.0_2025-08-13.docx","37804","13-Aug-2025 18:42:12"
"M:\OneDrive\Documents\GitHub\CAPM_Exam\docs\CAPM-Exam-Prep_StakeholderRegister_v1.0_2025-08-13.xlsx","6051","13-Aug-2025 18:38:00"
"M:\OneDrive\Documents\GitHub\CAPM_Exam\docs\CAPM-Exam-Prep_Project-Approach-and-Methodology_v1.0_2025-08-13.docx","37569","13-Aug-2025 18:19:43"
"M:\OneDrive\Documents\GitHub\CAPM_Exam\docs\CAPM-Exam-Prep_Statement-of-Justification_v1.0_2025-08-13.docx","37358","13-Aug-2025 18:15:34"
"M:\OneDrive\Documents\GitHub\CAPM_Exam\docs\CAPM-Exam-Prep_Project-Charter_v1.0_2025-08-13.docx","37879","13-Aug-2025 18:08:23"
"M:\OneDrive\Documents\GitHub\CAPM_Exam\data\CourseraQuestions_V2.docx","110123","13-Aug-2025 12:51:30"
"M:\OneDrive\Documents\GitHub\CAPM_Exam\.git\.git\logs\refs\remotes\origin\main","659","05-Aug-2025 19:07:34"
"M:\OneDrive\Documents\GitHub\CAPM_Exam\.git\.git\refs\remotes\origin\main","41","05-Aug-2025 19:07:34"
"M:\OneDrive\Documents\GitHub\CAPM_Exam\.git\.git\refs\heads\main","41","05-Aug-2025 19:07:23"
"M:\OneDrive\Documents\GitHub\CAPM_Exam\.git\.git\logs\HEAD","1310","05-Aug-2025 19:07:23"
"M:\OneDrive\Documents\GitHub\CAPM_Exam\.git\.git\logs\refs\heads\main","930","05-Aug-2025 19:07:23"
"M:\OneDrive\Documents\GitHub\CAPM_Exam\.git\.git\objects\a8\3823e2634ddf59b785f7fc3145be1e89f24836","251","05-Aug-2025 19:07:23"
"M:\OneDrive\Documents\GitHub\CAPM_Exam\.git\.git\COMMIT_EDITMSG","557","05-Aug-2025 19:07:21"
"M:\OneDrive\Documents\GitHub\CAPM_Exam\.git\.git\index","3268","05-Aug-2025 19:07:18"
"M:\OneDrive\Documents\GitHub\CAPM_Exam\.git\.git\objects\6e\45d7be877c07201d6c8ab0d4faf161592c03d5","367","05-Aug-2025 19:07:18"
"M:\OneDrive\Documents\GitHub\CAPM_Exam\.git\.git\objects\8e\342751b21b259bc898c29e1d65fc7c642fe1fa","400","05-Aug-2025 19:06:09"
"M:\OneDrive\Documents\GitHub\CAPM_Exam\.git\.git\objects\87\db9543afe5bd7f2048a428f11cce3a9521869c","258","05-Aug-2025 19:06:09"
"M:\OneDrive\Documents\GitHub\CAPM_Exam\.git\.git\objects\aa\84e02a45265b0714c0677448b3fa5f894c2173","147","05-Aug-2025 19:06:09"
"M:\OneDrive\Documents\GitHub\CAPM_Exam\.git\.git\ORIG_HEAD","41","05-Aug-2025 19:06:08"
"M:\OneDrive\Documents\GitHub\CAPM_Exam\.git\.git\FETCH_HEAD","120","05-Aug-2025 19:06:08"
"M:\OneDrive\Documents\GitHub\CAPM_Exam\.git\.git\objects\30\704cc4bc03194015ee87260c1213fa96b53d75","1764","05-Aug-2025 19:06:08"
"M:\OneDrive\Documents\GitHub\CAPM_Exam\.git\.git\objects\b7\b4cc8969422720b6b74634cbb73950d11cafc3","525","05-Aug-2025 19:06:08"
"M:\OneDrive\Documents\GitHub\CAPM_Exam\.git\.git\objects\a9\4250759b94eb1659955e3299470742ddb8e037","2011","05-Aug-2025 19:06:08"
"M:\OneDrive\Documents\GitHub\CAPM_Exam\.git\.git\objects\96\036d918b46fef07fe9b6607cf5c8066ca7d562","526","05-Aug-2025 19:06:08"
"M:\OneDrive\Documents\GitHub\CAPM_Exam\.git\.git\objects\b4\b8863bd4a40fc507fcda744c054e70f439eced","880","05-Aug-2025 19:06:08"
"M:\OneDrive\Documents\GitHub\CAPM_Exam\.git\.git\objects\ec\0d61c6627681ca94acc85b1b7065c577700af5","845","05-Aug-2025 19:06:08"
"M:\OneDrive\Documents\GitHub\CAPM_Exam\.git\.git\objects\ee\2b8b4e22574caf3d5867fe477f759685ec539c","224","05-Aug-2025 19:06:01"
"M:\OneDrive\Documents\GitHub\CAPM_Exam\.git\.git\objects\1a\1b4a4efde06b4d509615f563c45df6e72d9cfc","1059","05-Aug-2025 19:05:43"
"M:\OneDrive\Documents\GitHub\CAPM_Exam\.git\.git\objects\b3\f5b059146d18a64a5352190c051e4dd2f2200b","27000","05-Aug-2025 19:05:43"
"M:\OneDrive\Documents\GitHub\CAPM_Exam\.git\.git\objects\fc\a2cb4c9c8c525fe58a54a52c041de928960837","348","05-Aug-2025 19:05:43"
"M:\OneDrive\Documents\GitHub\CAPM_Exam\.git\.git\objects\24\1d2f8d279bfb3d09ba270062752ad59fd43b7c","15262","05-Aug-2025 19:05:43"
"M:\OneDrive\Documents\GitHub\CAPM_Exam\.git\.git\objects\eb\f7bab3fee1a06eb3f8356624df8cf582eb8042","10006","05-Aug-2025 19:05:43"
"M:\OneDrive\Documents\GitHub\CAPM_Exam\.git\.git\objects\50\298a6039f8b3d224d18b805aba9b595122f087","27335","05-Aug-2025 19:05:43"
"M:\OneDrive\Documents\GitHub\CAPM_Exam\.git\.git\objects\4a\a7304d842273c143ef25aef63857554607e484","636","05-Aug-2025 19:05:43"
"M:\OneDrive\Documents\GitHub\CAPM_Exam\.git\.git\objects\2f\793a31b4b4e9572944151e3b8dd90c4f6c06bf","930","05-Aug-2025 19:05:43"
"M:\OneDrive\Documents\GitHub\CAPM_Exam\.git\.git\objects\8f\6809dedd441f5548d3d2c36c03e77dde986a4e","43","05-Aug-2025 19:05:43"
"M:\OneDrive\Documents\GitHub\CAPM_Exam\.git\.git\objects\5d\ec1b6ae774f9edf3e45ad3a5b3464f151446dd","105","05-Aug-2025 19:05:43"
"M:\OneDrive\Documents\GitHub\CAPM_Exam\import\.gitignore","111","05-Aug-2025 19:02:31"
"M:\OneDrive\Documents\GitHub\CAPM_Exam\logs\backup_log_20250805_181537.txt","451","05-Aug-2025 18:15:37"
"M:\OneDrive\Documents\GitHub\CAPM_Exam\data\questions_updated.json","181952","05-Aug-2025 18:15:25"
"M:\OneDrive\Documents\GitHub\CAPM_Exam\data\drop_the_format_questions.txt","2109","05-Aug-2025 18:15:02"
"M:\OneDrive\Documents\GitHub\CAPM_Exam\scripts\remove_duplicates.py","2376","05-Aug-2025 17:26:11"
"M:\OneDrive\Documents\GitHub\CAPM_Exam\logs\backup_log_20250805_165521.txt","451","05-Aug-2025 16:55:21"
"M:\OneDrive\Documents\GitHub\CAPM_Exam\scripts\backup_script.bat","2581","05-Aug-2025 16:55:11"
"M:\OneDrive\Documents\GitHub\CAPM_Exam\logs\backup_log_20250805_165037.txt","153","05-Aug-2025 16:50:37"
"M:\OneDrive\Documents\GitHub\CAPM_Exam\logs\backup_log_20250805_164437.txt","506","05-Aug-2025 16:44:37"
"M:\OneDrive\Documents\GitHub\CAPM_Exam\scripts\check_duplicates.py","570","05-Aug-2025 16:24:00"
"M:\OneDrive\Documents\GitHub\CAPM_Exam\import\test_questions.xlsx","10503","05-Aug-2025 16:05:51"
"M:\OneDrive\Documents\GitHub\CAPM_Exam\archive\10questions.txt","7427","05-Aug-2025 15:53:07"
"M:\OneDrive\Documents\GitHub\CAPM_Exam\data\ReadMe_Correct-Format_Questions.docx","14868","05-Aug-2025 15:47:02"
"M:\OneDrive\Documents\GitHub\CAPM_Exam\backup\data_backup_20250805_160550\ReadMe_Correct-Format_Questions.docx","14868","05-Aug-2025 15:47:02"
"M:\OneDrive\Documents\GitHub\CAPM_Exam\backup\data_backup_20250805_162652\ReadMe_Correct-Format_Questions.docx","14868","05-Aug-2025 15:47:02"
"M:\OneDrive\Documents\GitHub\CAPM_Exam\archive\add_questions_to_excel.py","4239","05-Aug-2025 15:30:06"
"M:\OneDrive\Documents\GitHub\CAPM_Exam\backup\data_backup_20250805_153011\questions.json","187261","05-Aug-2025 15:16:52"
"M:\OneDrive\Documents\GitHub\CAPM_Exam\backup\data_backup_20250805_160550\questions.json","187261","05-Aug-2025 15:16:52"
"M:\OneDrive\Documents\GitHub\CAPM_Exam\backup\data_backup_20250805_165521\questions.json","187261","05-Aug-2025 15:16:52"
"M:\OneDrive\Documents\GitHub\CAPM_Exam\backup\data_backup_20250805_181537\questions.json","187261","05-Aug-2025 15:16:52"
"M:\OneDrive\Documents\GitHub\CAPM_Exam\backup\data_backup_20250805_164437\questions.json","187261","05-Aug-2025 15:16:52"
"M:\OneDrive\Documents\GitHub\CAPM_Exam\data\questions.json","187261","05-Aug-2025 15:16:52"
"M:\OneDrive\Documents\GitHub\CAPM_Exam\backup\data_backup_20250805_162652\questions.json","187261","05-Aug-2025 15:16:52"
"M:\OneDrive\Documents\GitHub\CAPM_Exam\backup\data_backup_20250805_151652\questions.json","187261","05-Aug-2025 15:16:08"
"M:\OneDrive\Documents\GitHub\CAPM_Exam\backup\data_backup_20250805_160550\Grok_Prompt.txt","1260","05-Aug-2025 15:00:29"
"M:\OneDrive\Documents\GitHub\CAPM_Exam\backup\data_backup_20250805_153011\Grok_Prompt.txt","1260","05-Aug-2025 15:00:29"
"M:\OneDrive\Documents\GitHub\CAPM_Exam\backup\data_backup_20250805_162652\Grok_Prompt.txt","1260","05-Aug-2025 15:00:29"
"M:\OneDrive\Documents\GitHub\CAPM_Exam\data\Grok_Prompt.txt","1260","05-Aug-2025 15:00:29"
"M:\OneDrive\Documents\GitHub\CAPM_Exam\backup\data_backup_20250805_151652\Grok_Prompt.txt","1260","05-Aug-2025 15:00:29"
"M:\OneDrive\Documents\GitHub\CAPM_Exam\backup\data_backup_20250805_151608\Grok_Prompt.txt","1260","05-Aug-2025 15:00:29"
"M:\OneDrive\Documents\GitHub\CAPM_Exam\backup\data_backup_20250805_151608\questions.json","187261","05-Aug-2025 09:53:25"
"M:\OneDrive\Documents\GitHub\CAPM_Exam\backup\data_backup_20250805_095324\drop_the_format_questions.txt","12883","05-Aug-2025 09:52:29"
"M:\OneDrive\Documents\GitHub\CAPM_Exam\backup\data_backup_20250805_162652\drop_the_format_questions.txt","12883","05-Aug-2025 09:52:29"
"M:\OneDrive\Documents\GitHub\CAPM_Exam\backup\data_backup_20250805_153011\drop_the_format_questions.txt","12883","05-Aug-2025 09:52:29"
"M:\OneDrive\Documents\GitHub\CAPM_Exam\backup\data_backup_20250805_151652\drop_the_format_questions.txt","12883","05-Aug-2025 09:52:29"
"M:\OneDrive\Documents\GitHub\CAPM_Exam\backup\data_backup_20250805_160550\drop_the_format_questions.txt","12883","05-Aug-2025 09:52:29"
"M:\OneDrive\Documents\GitHub\CAPM_Exam\backup\data_backup_20250805_151608\drop_the_format_questions.txt","12883","05-Aug-2025 09:52:29"
"M:\OneDrive\Documents\GitHub\CAPM_Exam\backup\data_backup_20250805_095324\questions.json","187261","05-Aug-2025 09:46:03"
"M:\OneDrive\Documents\GitHub\CAPM_Exam\backup\data_backup_20250805_094603\questions.json","187261","05-Aug-2025 09:33:14"
"M:\OneDrive\Documents\GitHub\CAPM_Exam\archive\convert_questions.py","2562","05-Aug-2025 08:59:27"
"M:\OneDrive\Documents\GitHub\CAPM_Exam\backup\data_backup_20250805_093314\questions.json","186948","05-Aug-2025 08:44:24"
"M:\OneDrive\Documents\GitHub\CAPM_Exam\backup\data_backup_20250805_094603\drop_the_format_questions.txt","10698","05-Aug-2025 08:31:47"
"M:\OneDrive\Documents\GitHub\CAPM_Exam\backup\data_backup_20250805_093314\drop_the_format_questions.txt","10698","05-Aug-2025 08:31:47"
"M:\OneDrive\Documents\GitHub\CAPM_Exam\backup\data_backup_20250805_084423\drop_the_format_questions.txt","10698","05-Aug-2025 08:31:47"
"M:\OneDrive\Documents\GitHub\CAPM_Exam\.git\.git\config","323","04-Aug-2025 19:08:33"
"M:\OneDrive\Documents\GitHub\CAPM_Exam\.git\.git\objects\0b\3bf3ded66d29d3d84c866ec950097f829cd4bf","258","04-Aug-2025 19:08:30"
"M:\OneDrive\Documents\GitHub\CAPM_Exam\import\LICENSE","1076","04-Aug-2025 19:08:25"
"M:\OneDrive\Documents\GitHub\CAPM_Exam\.git\.git\objects\ba\f149304a0c20f675f726f051847512051ab892","526","04-Aug-2025 19:08:24"
"M:\OneDrive\Documents\GitHub\CAPM_Exam\.git\.git\HEAD","21","04-Aug-2025 19:06:52"
"M:\OneDrive\Documents\GitHub\CAPM_Exam\backup\data_backup_20250804_184205\questions.json","181158","04-Aug-2025 19:06:52"
"M:\OneDrive\Documents\GitHub\CAPM_Exam\backup\data_backup_20250804_184205\drop_the_format_questions.txt","2109","04-Aug-2025 19:06:52"
"M:\OneDrive\Documents\GitHub\CAPM_Exam\backup\data_backup_20250804_184205\Grok_Prompt.txt","1214","04-Aug-2025 19:06:52"
"M:\OneDrive\Documents\GitHub\CAPM_Exam\backup\data_backup_20250804_183048\questions.json","181158","04-Aug-2025 19:06:52"
"M:\OneDrive\Documents\GitHub\CAPM_Exam\backup\data_backup_20250804_184205\CourseraQuestions.docx","17353","04-Aug-2025 19:06:52"
"M:\OneDrive\Documents\GitHub\CAPM_Exam\backup\data_backup_20250804_183048\drop_the_format_questions.txt","2109","04-Aug-2025 19:06:52"
"M:\OneDrive\Documents\GitHub\CAPM_Exam\backup\data_backup_20250804_183048\Grok_Prompt.txt","1214","04-Aug-2025 19:06:52"
"M:\OneDrive\Documents\GitHub\CAPM_Exam\backup\data_backup_20250804_183048\CourseraQuestions.docx","17353","04-Aug-2025 19:06:52"
"M:\OneDrive\Documents\GitHub\CAPM_Exam\backup\data_backup_20250804_174047\questions.json","181158","04-Aug-2025 19:06:52"
"M:\OneDrive\Documents\GitHub\CAPM_Exam\backup\data_backup_20250804_174047\drop_the_format_questions.txt","2109","04-Aug-2025 19:06:52"
"M:\OneDrive\Documents\GitHub\CAPM_Exam\backup\data_backup_20250804_174047\Grok_Prompt.txt","1214","04-Aug-2025 19:06:52"
"M:\OneDrive\Documents\GitHub\CAPM_Exam\backup\data_backup_20250804_174047\CourseraQuestions.docx","17353","04-Aug-2025 19:06:52"
"M:\OneDrive\Documents\GitHub\CAPM_Exam\.git\.git\objects\8d\7db97e390dec939e130e88cd7e955f307ac0a1","660","04-Aug-2025 19:04:05"
"M:\OneDrive\Documents\GitHub\CAPM_Exam\.git\.git\objects\b7\faf403d915ca307532bb0eb9cceaf0214e8e5b","2046","04-Aug-2025 19:04:05"
"M:\OneDrive\Documents\GitHub\CAPM_Exam\.git\.git\objects\46\691cfc1d4286246a1c00dc928e57ea43baed83","120","04-Aug-2025 19:04:05"
"M:\OneDrive\Documents\GitHub\CAPM_Exam\.git\.git\objects\70\a27333fc34b9a13d8c80d79dd5073df28874fb","807","04-Aug-2025 19:04:05"
"M:\OneDrive\Documents\GitHub\CAPM_Exam\.git\.git\objects\0d\cacdf329835277c4105f59179aff016d75d402","183","04-Aug-2025 19:03:08"
"M:\OneDrive\Documents\GitHub\CAPM_Exam\.git\.git\objects\9f\f347d4350a18a20ae8dba20c25ee9897a9e394","427","04-Aug-2025 19:03:08"
"M:\OneDrive\Documents\GitHub\CAPM_Exam\.git\.git\objects\72\e6c0ea1c7ed00f0a66e22fa290d1a93790aeaa","224","04-Aug-2025 19:03:08"
"M:\OneDrive\Documents\GitHub\CAPM_Exam\.git\.git\objects\4d\a0509aa47a7d4094f46df3110b45ebfa153557","86","04-Aug-2025 19:03:08"
"M:\OneDrive\Documents\GitHub\CAPM_Exam\.git\.git\objects\8e\21b3b817517da5884dbfe735159674592585a5","180","04-Aug-2025 19:03:08"
"M:\OneDrive\Documents\GitHub\CAPM_Exam\.git\.git\objects\69\7ba48f5619c93bea44569cb84e20a8e99e082e","88","04-Aug-2025 19:03:08"
"M:\OneDrive\Documents\GitHub\CAPM_Exam\.git\.git\objects\9c\31aad076a8e13e2f5a8de874f0eadeaa192675","7564","04-Aug-2025 18:59:00"
"M:\OneDrive\Documents\GitHub\CAPM_Exam\.git\.git\objects\b4\cbe5abd915175da331c9bf000d5a097570d82a","476","04-Aug-2025 18:59:00"
"M:\OneDrive\Documents\GitHub\CAPM_Exam\.git\.git\objects\f8\11f27e5cbb1276f7393ebbf6cb034c3688b0f2","37","04-Aug-2025 18:59:00"
"M:\OneDrive\Documents\GitHub\CAPM_Exam\.git\.git\objects\01\1912f029815eb740e36cec89c1edb2e4e98067","823","04-Aug-2025 18:59:00"
"M:\OneDrive\Documents\GitHub\CAPM_Exam\.git\.git\objects\b4\a183bb40916a2b035def7a2f368828789bff70","27217","04-Aug-2025 18:59:00"
"M:\OneDrive\Documents\GitHub\CAPM_Exam\.git\.git\objects\ec\7daa51e551c17c62b5a08d87d4c5e40f5c235e","11891","04-Aug-2025 18:59:00"
"M:\OneDrive\Documents\GitHub\CAPM_Exam\.git\.git\objects\1e\bd340bf3c000e079359d70fc28a25c0c158db5","610","04-Aug-2025 18:59:00"
"M:\OneDrive\Documents\GitHub\CAPM_Exam\.git\.git\objects\a9\1f644526451d7211598f7d333bbf95897891e3","14382","04-Aug-2025 18:59:00"
"M:\OneDrive\Documents\GitHub\CAPM_Exam\.git\.git\objects\c5\b35c0d612de932647f5919c6e9b7410b7138a3","770","04-Aug-2025 18:59:00"
"M:\OneDrive\Documents\GitHub\CAPM_Exam\.git\.git\objects\e7\49d7296c332b4d3b02c945800e19ffa98c53b4","428","04-Aug-2025 18:59:00"
"M:\OneDrive\Documents\GitHub\CAPM_Exam\.git\.git\objects\4b\042da9c857185b5f0c2646fe5128ad32f1dc7e","26288","04-Aug-2025 18:59:00"
"M:\OneDrive\Documents\GitHub\CAPM_Exam\.git\.git\objects\72\e10f62a1ee8686b7a7352dfa8ab4f3617a6f52","1521","04-Aug-2025 18:59:00"
"M:\OneDrive\Documents\GitHub\CAPM_Exam\.git\.git\objects\aa\6dc00e9c313b4da84427748a0f6fa08450881c","15088","04-Aug-2025 18:58:59"
"M:\OneDrive\Documents\GitHub\CAPM_Exam\.git\.git\objects\e6\9de29bb2d1d6434b8b29ae775ad8c2e48c5391","15","04-Aug-2025 18:58:59"
"M:\OneDrive\Documents\GitHub\CAPM_Exam\.git\.git\objects\ce\c0c2ba7a3fdaeefb10c4f84935005cd49d72bf","14786","04-Aug-2025 18:58:59"
"M:\OneDrive\Documents\GitHub\CAPM_Exam\.git\.git\info\exclude","240","04-Aug-2025 18:58:39"
"M:\OneDrive\Documents\GitHub\CAPM_Exam\.git\.git\hooks\push-to-checkout.sample","2783","04-Aug-2025 18:58:39"
"M:\OneDrive\Documents\GitHub\CAPM_Exam\.git\.git\hooks\update.sample","3650","04-Aug-2025 18:58:39"
"M:\OneDrive\Documents\GitHub\CAPM_Exam\.git\.git\hooks\sendemail-validate.sample","2308","04-Aug-2025 18:58:39"
"M:\OneDrive\Documents\GitHub\CAPM_Exam\.git\.git\hooks\pre-receive.sample","544","04-Aug-2025 18:58:39"
"M:\OneDrive\Documents\GitHub\CAPM_Exam\.git\.git\hooks\prepare-commit-msg.sample","1492","04-Aug-2025 18:58:39"
"M:\OneDrive\Documents\GitHub\CAPM_Exam\.git\.git\hooks\pre-push.sample","1374","04-Aug-2025 18:58:39"
"M:\OneDrive\Documents\GitHub\CAPM_Exam\.git\.git\hooks\pre-merge-commit.sample","416","04-Aug-2025 18:58:39"
"M:\OneDrive\Documents\GitHub\CAPM_Exam\.git\.git\hooks\pre-rebase.sample","4898","04-Aug-2025 18:58:39"
"M:\OneDrive\Documents\GitHub\CAPM_Exam\.git\.git\hooks\pre-commit.sample","1649","04-Aug-2025 18:58:39"
"M:\OneDrive\Documents\GitHub\CAPM_Exam\.git\.git\hooks\pre-applypatch.sample","424","04-Aug-2025 18:58:39"
"M:\OneDrive\Documents\GitHub\CAPM_Exam\.git\.git\hooks\fsmonitor-watchman.sample","4726","04-Aug-2025 18:58:39"
"M:\OneDrive\Documents\GitHub\CAPM_Exam\.git\.git\hooks\post-update.sample","189","04-Aug-2025 18:58:39"
"M:\OneDrive\Documents\GitHub\CAPM_Exam\.git\.git\hooks\commit-msg.sample","896","04-Aug-2025 18:58:39"
"M:\OneDrive\Documents\GitHub\CAPM_Exam\.git\.git\hooks\applypatch-msg.sample","478","04-Aug-2025 18:58:39"
"M:\OneDrive\Documents\GitHub\CAPM_Exam\.git\.git\description","73","04-Aug-2025 18:58:39"
"M:\OneDrive\Documents\GitHub\CAPM_Exam\backup\data_backup_20250805_084423\ReadMe_Correct-Format_Questions.docx","14868","04-Aug-2025 18:54:20"
"M:\OneDrive\Documents\GitHub\CAPM_Exam\backup\data_backup_20250805_094603\ReadMe_Correct-Format_Questions.docx","14868","04-Aug-2025 18:54:20"
"M:\OneDrive\Documents\GitHub\CAPM_Exam\backup\data_backup_20250805_093314\ReadMe_Correct-Format_Questions.docx","14868","04-Aug-2025 18:54:20"
"M:\OneDrive\Documents\GitHub\CAPM_Exam\backup\data_backup_20250805_095324\ReadMe_Correct-Format_Questions.docx","14868","04-Aug-2025 18:54:20"
"M:\OneDrive\Documents\GitHub\CAPM_Exam\backup\data_backup_20250805_151608\ReadMe_Correct-Format_Questions.docx","14868","04-Aug-2025 18:54:20"
"M:\OneDrive\Documents\GitHub\CAPM_Exam\backup\data_backup_20250805_153011\ReadMe_Correct-Format_Questions.docx","14868","04-Aug-2025 18:54:20"
"M:\OneDrive\Documents\GitHub\CAPM_Exam\backup\data_backup_20250805_151652\ReadMe_Correct-Format_Questions.docx","14868","04-Aug-2025 18:54:20"
"M:\OneDrive\Documents\GitHub\CAPM_Exam\backup\data_backup_20250805_084423\questions.json","184154","04-Aug-2025 18:42:06"
"M:\OneDrive\Documents\GitHub\CAPM_Exam\scripts\run_conversion.bat","889","04-Aug-2025 18:40:16"
"M:\OneDrive\Documents\GitHub\CAPM_Exam\archive\requirements.txt","22","04-Aug-2025 18:30:59"
"M:\OneDrive\Documents\GitHub\CAPM_Exam\backup\data_backup_20250805_095324\Grok_Prompt.txt","1214","04-Aug-2025 16:19:07"
"M:\OneDrive\Documents\GitHub\CAPM_Exam\backup\data_backup_20250805_093314\Grok_Prompt.txt","1214","04-Aug-2025 16:19:07"
"M:\OneDrive\Documents\GitHub\CAPM_Exam\backup\data_backup_20250805_094603\Grok_Prompt.txt","1214","04-Aug-2025 16:19:07"
"M:\OneDrive\Documents\GitHub\CAPM_Exam\backup\data_backup_20250805_084423\Grok_Prompt.txt","1214","04-Aug-2025 16:19:07"
"M:\OneDrive\Documents\GitHub\CAPM_Exam\.git\objects\7f\3277b016027a12ed4b5b22150ffbe60d3e7bcc","461","04-Aug-2025 09:08:55"
"M:\OneDrive\Documents\GitHub\CAPM_Exam\.git\objects\86\e8e01542f3115a4aaeffbd213f4f4d0e7c4bcc","1565","04-Aug-2025 09:07:18"
"M:\OneDrive\Documents\GitHub\CAPM_Exam\.git\objects\4b\042da9c857185b5f0c2646fe5128ad32f1dc7e","26288","04-Aug-2025 09:07:18"
"M:\OneDrive\Documents\GitHub\CAPM_Exam\.git\objects\85\135c93fc9301607cc687a8ed80deeb11ead10d","598","04-Aug-2025 09:07:18"
"M:\OneDrive\Documents\GitHub\CAPM_Exam\.git\objects\f4\36a6722157d73c3d5fd3a1495fe984dc08d9a1","1060","04-Aug-2025 09:07:18"
"M:\OneDrive\Documents\GitHub\CAPM_Exam\.git\objects\a4\92f1c50d3fffb4b59f4b00f8b5a5c27d62517c","2284","04-Aug-2025 09:07:18"
"M:\OneDrive\Documents\GitHub\CAPM_Exam\.git\objects\89\65a79d6d9be43ef5789c73239b50157a4b2dc3","431","04-Aug-2025 09:07:18"
"M:\OneDrive\Documents\GitHub\CAPM_Exam\.git\objects\6c\1e4e7cb97add53cdd9db4054b77eb2e2bf99d2","239720","04-Aug-2025 09:07:18"
"M:\OneDrive\Documents\GitHub\CAPM_Exam\.git\objects\7a\245e6555edfaa3d1bf305c3db11c27b81507d9","231","04-Aug-2025 09:07:18"
"M:\OneDrive\Documents\GitHub\CAPM_Exam\.git\objects\16\b4b5f170e89736788c6f7e42d2f59eab98feb7","1485","04-Aug-2025 09:07:18"
"M:\OneDrive\Documents\GitHub\CAPM_Exam\.git\objects\08\cfe5e4dba11f0223ac44a46ccdce418c200042","6755","04-Aug-2025 09:07:18"
"M:\OneDrive\Documents\GitHub\CAPM_Exam\.git\objects\1f\23bd48a46989f55bbc2553125e203adeb891a9","270","04-Aug-2025 09:07:18"
"M:\OneDrive\Documents\GitHub\CAPM_Exam\.git\objects\81\ffb65751b8f55b578bcb53ac78ebb6d088449e","358","04-Aug-2025 09:07:18"
"M:\OneDrive\Documents\GitHub\CAPM_Exam\scripts\styles.css","4212","04-Aug-2025 09:07:09"
"M:\OneDrive\Documents\GitHub\CAPM_Exam\backup\questions.json","181158","04-Aug-2025 09:07:09"
"M:\OneDrive\Documents\GitHub\CAPM_Exam\archive\nginx.conf","1215","04-Aug-2025 09:07:09"
"M:\OneDrive\Documents\GitHub\CAPM_Exam\scripts\jsonInterface.js","2572","04-Aug-2025 09:07:09"
"M:\OneDrive\Documents\GitHub\CAPM_Exam\scripts\index.html","8360","04-Aug-2025 09:07:09"
"M:\OneDrive\Documents\GitHub\CAPM_Exam\scripts\docker-compose.yml","809","04-Aug-2025 09:07:09"
"M:\OneDrive\Documents\GitHub\CAPM_Exam\scripts\cyberpunk-bg.jpg","241822","04-Aug-2025 09:07:09"
"M:\OneDrive\Documents\GitHub\CAPM_Exam\scripts\app.py","3779","04-Aug-2025 09:07:09"
"M:\OneDrive\Documents\GitHub\CAPM_Exam\scripts\app.js","27380","04-Aug-2025 09:07:09"
"M:\OneDrive\Documents\GitHub\CAPM_Exam\scripts\Dockerfile.react","331","04-Aug-2025 09:07:09"
"M:\OneDrive\Documents\GitHub\CAPM_Exam\scripts\Dockerfile","534","04-Aug-2025 09:07:09"
"M:\OneDrive\Documents\GitHub\CAPM_Exam\.git\objects\5d\d3a5ecb2ed4b6581d21385d1360b86587cad72","191","04-Aug-2025 09:03:00"
"M:\OneDrive\Documents\GitHub\CAPM_Exam\.gitignore","36","04-Aug-2025 09:00:02"
"M:\OneDrive\Documents\GitHub\CAPM_Exam\.git\objects\2c\1f403604266cdc48e0901d5cd80d2dd5495cbf","204","04-Aug-2025 08:55:29"
"M:\OneDrive\Documents\GitHub\CAPM_Exam\.git\objects\d9\d57bbedd2f1550a757570fad4d29266d27558d","527","04-Aug-2025 08:55:28"
"M:\OneDrive\Documents\GitHub\CAPM_Exam\.git\objects\84\f3b4385d19d486629491d5c6750cc714abd8b2","36","04-Aug-2025 08:55:13"
"M:\OneDrive\Documents\GitHub\CAPM_Exam\.git\objects\4e\9da4b845ccf99bb5c19506fc2e80e9c6e796dd","154","04-Aug-2025 08:49:19"
"M:\OneDrive\Documents\GitHub\CAPM_Exam\.git\objects\af\469691c56d990ce29a3a1440417224cf5a3111","493","04-Aug-2025 08:49:19"
"M:\OneDrive\Documents\GitHub\CAPM_Exam\.git\objects\c4\0bc0b0446b0bde4e252e80a6a28aca883f9516","51","04-Aug-2025 08:49:19"
"M:\OneDrive\Documents\GitHub\CAPM_Exam\.git\objects\9a\12807d9cae491e48e1ec70acd3a294130b66ef","152","04-Aug-2025 08:49:19"
"M:\OneDrive\Documents\GitHub\CAPM_Exam\.git\objects\2d\5a6ce951379e9c2c7cf1a5e1dac0a198433939","142","04-Aug-2025 08:49:11"
"M:\OneDrive\Documents\GitHub\CAPM_Exam\.git\objects\38\4e2c78310b72c38bc1a140f14343fdc6b6c34d","1100","04-Aug-2025 08:49:11"
"M:\OneDrive\Documents\GitHub\CAPM_Exam\.git\objects\ea\6697a22074669286bbbbed8b61acfb84d6fea3","479","04-Aug-2025 08:49:11"
"M:\OneDrive\Documents\GitHub\CAPM_Exam\.git\objects\31\c44adc65b0ecffc2f24abeec40b127eb590755","1796","04-Aug-2025 08:49:11"
"M:\OneDrive\Documents\GitHub\CAPM_Exam\.git\logs\refs\remotes\origin\HEAD","151","04-Aug-2025 08:46:15"
"M:\OneDrive\Documents\GitHub\CAPM_Exam\.git\refs\remotes\origin\HEAD","30","04-Aug-2025 08:46:15"
"M:\OneDrive\Documents\GitHub\CAPM_Exam\.git\objects\1a\5066990b3d8e4287e0de67b11960e4596d0968","438","04-Aug-2025 08:46:15"
"M:\OneDrive\Documents\GitHub\CAPM_Exam\.git\objects\64\ca84150c336ac29f4ececf679ee76e8e4862c7","395","04-Aug-2025 08:46:15"
"M:\OneDrive\Documents\GitHub\CAPM_Exam\.git\objects\69\f89dfad3e32a8ca5df07c39897c78aa1fe1a80","4867","04-Aug-2025 08:46:15"
"M:\OneDrive\Documents\GitHub\CAPM_Exam\.git\objects\94\8dde8889dc7b0cf675f0c69e60d510801582bb","3834","04-Aug-2025 08:46:15"
"M:\OneDrive\Documents\GitHub\CAPM_Exam\.git\objects\4c\2e9afeacababbf3ce12c5fe5c0c802c1daf409","173","04-Aug-2025 08:46:15"
"M:\OneDrive\Documents\GitHub\CAPM_Exam\.git\objects\b8\8e3bfe365ceafc4567a89282b8e72773948806","25198","04-Aug-2025 08:46:15"
"M:\OneDrive\Documents\GitHub\CAPM_Exam\.git\objects\3a\2d3a4c028c32afbc4329385bce14dc486976ce","12115","04-Aug-2025 08:46:15"
"M:\OneDrive\Documents\GitHub\CAPM_Exam\.git\objects\ab\dccb62ba5c90fad89ea77e033040baba49cf21","437","04-Aug-2025 08:46:15"
"M:\OneDrive\Documents\GitHub\CAPM_Exam\.git\objects\bb\cfb8269b615f225dbdaeddf896d63edf776ad9","2839","04-Aug-2025 08:46:15"
"M:\OneDrive\Documents\GitHub\CAPM_Exam\.git\objects\4f\f9ed9b7d724babd1260783ec90a7db2f7ff74a","501","04-Aug-2025 08:46:15"
"M:\OneDrive\Documents\GitHub\CAPM_Exam\.git\objects\f8\da5c7a823127d819d7b24c1c9638912ee3fe33","32","04-Aug-2025 08:46:15"
"M:\OneDrive\Documents\GitHub\CAPM_Exam\.git\objects\1b\9a48064714348518421c7d0d476f60902ae928","3357","04-Aug-2025 08:46:15"
"M:\OneDrive\Documents\GitHub\CAPM_Exam\.git\objects\a0\bad5decdb069030b7a30e1382b54e3863c789a","500","04-Aug-2025 08:46:15"
"M:\OneDrive\Documents\GitHub\CAPM_Exam\.git\objects\65\872668de8986442871fd8f02f43f17a109d7cb","500","04-Aug-2025 08:46:15"
"M:\OneDrive\Documents\GitHub\CAPM_Exam\.git\objects\f3\78877a2c95de363e12c1efdf2d6993e4dab168","500","04-Aug-2025 08:46:15"
"M:\OneDrive\Documents\GitHub\CAPM_Exam\.git\objects\f4\453275641cbb7cdb1eac0508beb2fdc09f3aaa","1841","04-Aug-2025 08:46:15"
"M:\OneDrive\Documents\GitHub\CAPM_Exam\.git\objects\3b\f572c66b7002eca262681f4f2e459e25175226","501","04-Aug-2025 08:46:15"
"M:\OneDrive\Documents\GitHub\CAPM_Exam\.git\objects\fb\78de7eee3ee17d1d176e313236cc6c87f81b90","1042","04-Aug-2025 08:46:14"
"M:\OneDrive\Documents\GitHub\CAPM_Exam\.git\objects\9b\66aa4e829e0c5b992d351d105441ca052c9517","1537","04-Aug-2025 08:46:14"
"M:\OneDrive\Documents\GitHub\CAPM_Exam\.git\objects\bd\86829f807d90968174e6a1586c0500e8e235ee","1868","04-Aug-2025 08:46:14"
"M:\OneDrive\Documents\GitHub\CAPM_Exam\.git\objects\98\3006d755e7769275bef7fd2a0da03f3677d956","14799","04-Aug-2025 08:46:14"
"M:\OneDrive\Documents\GitHub\CAPM_Exam\.git\objects\27\94cd48b9797273275c9bf29664802e330e1ba7","1959","04-Aug-2025 08:46:14"
"M:\OneDrive\Documents\GitHub\CAPM_Exam\.git\objects\47\cec1c0d03534a668cb1231e55d19478d4ae49d","4904","04-Aug-2025 08:46:14"
"M:\OneDrive\Documents\GitHub\CAPM_Exam\.git\objects\05\dadd7789655a27c2a012139c8690cdf501ca57","34449","04-Aug-2025 08:46:14"
"M:\OneDrive\Documents\GitHub\CAPM_Exam\.git\objects\66\6564437def1e230d601c5f50eb136fbc72250f","3728","04-Aug-2025 08:46:14"
"M:\OneDrive\Documents\GitHub\CAPM_Exam\.git\objects\7c\5ec8c35624a4c985c9e7aabbfdb3d4c7c385f1","15946","04-Aug-2025 08:46:14"
"M:\OneDrive\Documents\GitHub\CAPM_Exam\.git\objects\70\d4d008e70e10cdbdab89fb7fcb4447972847f5","289","04-Aug-2025 08:46:14"
"M:\OneDrive\Documents\GitHub\CAPM_Exam\.git\objects\f5\9e52e1c3487e68e9228926be26409661bf1524","958","04-Aug-2025 08:46:14"
"M:\OneDrive\Documents\GitHub\CAPM_Exam\.git\objects\d0\d54d680ea98d1efd858f7223f9d30f64ade87c","6066","04-Aug-2025 08:46:14"
"M:\OneDrive\Documents\GitHub\CAPM_Exam\.git\objects\e7\90329040bccc2e9e9b05663f25e8cd72f51d2d","3178","04-Aug-2025 08:46:14"
"M:\OneDrive\Documents\GitHub\CAPM_Exam\.git\objects\b1\22833e99b2b2b24c108ae5d01262d02a4a0442","3741","04-Aug-2025 08:46:14"
"M:\OneDrive\Documents\GitHub\CAPM_Exam\.git\objects\f6\227b1f3ea0ca195ec8f8c84e2544d19aef2480","1646","04-Aug-2025 08:46:14"
"M:\OneDrive\Documents\GitHub\CAPM_Exam\.git\objects\7a\4062ba948d84ca91a1c2d183468f4ff1781f96","11206","04-Aug-2025 08:46:14"
"M:\OneDrive\Documents\GitHub\CAPM_Exam\.git\objects\36\78ad3ee611bcc0c4454bbdaa69b587390f21a9","2362","04-Aug-2025 08:46:14"
"M:\OneDrive\Documents\GitHub\CAPM_Exam\.git\objects\58\45b038cb699df51e8ab81cffe72adb620ca64c","130","04-Aug-2025 08:46:14"
"M:\OneDrive\Documents\GitHub\CAPM_Exam\.git\objects\2f\18d4c20a53c00c65df818e25213dfdc558932a","40","04-Aug-2025 08:46:13"
"M:\OneDrive\Documents\GitHub\CAPM_Exam\.git\objects\26\6dcb06b9e55be165d322de128611805782fb99","501","04-Aug-2025 08:46:13"
"M:\OneDrive\Documents\GitHub\CAPM_Exam\.git\objects\63\58221ca3c58bdfc3be2cd3863cded9b015ec54","183","04-Aug-2025 08:46:13"
"M:\OneDrive\Documents\GitHub\CAPM_Exam\.git\objects\6f\0d9fb83446f5941e7ac3a97a9fe405897517c1","865","04-Aug-2025 08:46:13"
"M:\OneDrive\Documents\GitHub\CAPM_Exam\.git\objects\d6\a2ef01787335dd30393c7e6e5a3e49feed512e","211","04-Aug-2025 08:46:13"
"M:\OneDrive\Documents\GitHub\CAPM_Exam\.git\objects\53\9b472fc457b47d4010c126b6387a497914cc5e","248","04-Aug-2025 08:46:13"
"M:\OneDrive\Documents\GitHub\CAPM_Exam\.git\objects\e8\604d924cd34ba8c22cf7c6fc3c9d3921658640","194","04-Aug-2025 08:46:13"
"M:\OneDrive\Documents\GitHub\CAPM_Exam\.git\objects\1a\e13cc9f42f7194752dfa85d637aa7354179e21","861","04-Aug-2025 08:46:13"
"M:\OneDrive\Documents\GitHub\CAPM_Exam\.git\objects\10\305b24f897c74969b3eec1d13acfcc9045a5f1","846","04-Aug-2025 08:46:13"
"M:\OneDrive\Documents\GitHub\CAPM_Exam\.git\objects\09\3ee6e1758b3bfc3cc4fe681e16369f4eaf8111","843","04-Aug-2025 08:46:13"
"M:\OneDrive\Documents\GitHub\CAPM_Exam\.git\config","254","04-Aug-2025 08:45:55"
"M:\OneDrive\Documents\GitHub\CAPM_Exam\.git\HEAD","21","04-Aug-2025 08:45:18"
"M:\OneDrive\Documents\GitHub\CAPM_Exam\.git\info\exclude","240","04-Aug-2025 08:45:18"
"M:\OneDrive\Documents\GitHub\CAPM_Exam\.git\hooks\sendemail-validate.sample","2308","04-Aug-2025 08:45:18"
"M:\OneDrive\Documents\GitHub\CAPM_Exam\.git\hooks\update.sample","3650","04-Aug-2025 08:45:18"
"M:\OneDrive\Documents\GitHub\CAPM_Exam\.git\hooks\prepare-commit-msg.sample","1492","04-Aug-2025 08:45:18"
"M:\OneDrive\Documents\GitHub\CAPM_Exam\.git\hooks\push-to-checkout.sample","2783","04-Aug-2025 08:45:18"
"M:\OneDrive\Documents\GitHub\CAPM_Exam\.git\hooks\pre-rebase.sample","4898","04-Aug-2025 08:45:18"
"M:\OneDrive\Documents\GitHub\CAPM_Exam\.git\hooks\pre-receive.sample","544","04-Aug-2025 08:45:18"
"M:\OneDrive\Documents\GitHub\CAPM_Exam\.git\hooks\pre-push.sample","1374","04-Aug-2025 08:45:18"
"M:\OneDrive\Documents\GitHub\CAPM_Exam\.git\hooks\pre-merge-commit.sample","416","04-Aug-2025 08:45:18"
"M:\OneDrive\Documents\GitHub\CAPM_Exam\.git\hooks\pre-commit.sample","1649","04-Aug-2025 08:45:18"
"M:\OneDrive\Documents\GitHub\CAPM_Exam\.git\hooks\post-update.sample","189","04-Aug-2025 08:45:18"
"M:\OneDrive\Documents\GitHub\CAPM_Exam\.git\hooks\pre-applypatch.sample","424","04-Aug-2025 08:45:18"
"M:\OneDrive\Documents\GitHub\CAPM_Exam\.git\hooks\fsmonitor-watchman.sample","4726","04-Aug-2025 08:45:18"
"M:\OneDrive\Documents\GitHub\CAPM_Exam\.git\hooks\commit-msg.sample","896","04-Aug-2025 08:45:18"
"M:\OneDrive\Documents\GitHub\CAPM_Exam\.git\hooks\applypatch-msg.sample","478","04-Aug-2025 08:45:18"
"M:\OneDrive\Documents\GitHub\CAPM_Exam\.git\description","73","04-Aug-2025 08:45:18"
"M:\OneDrive\Documents\GitHub\CAPM_Exam\backup\data_backup_20250805_084423\CourseraQuestions.docx","17353","03-Aug-2025 11:24:40"
"M:\OneDrive\Documents\GitHub\CAPM_Exam\backup\data_backup_20250805_093314\CourseraQuestions.docx","17353","03-Aug-2025 11:24:40"
"M:\OneDrive\Documents\GitHub\CAPM_Exam\backup\data_backup_20250805_151652\CourseraQuestions.docx","17353","03-Aug-2025 11:24:40"
"M:\OneDrive\Documents\GitHub\CAPM_Exam\data\CourseraQuestions.docx","17353","03-Aug-2025 11:24:40"
"M:\OneDrive\Documents\GitHub\CAPM_Exam\backup\data_backup_20250805_153011\CourseraQuestions.docx","17353","03-Aug-2025 11:24:40"
"M:\OneDrive\Documents\GitHub\CAPM_Exam\backup\data_backup_20250805_160550\CourseraQuestions.docx","17353","03-Aug-2025 11:24:40"
"M:\OneDrive\Documents\GitHub\CAPM_Exam\backup\data_backup_20250805_151608\CourseraQuestions.docx","17353","03-Aug-2025 11:24:40"
"M:\OneDrive\Documents\GitHub\CAPM_Exam\backup\data_backup_20250805_094603\CourseraQuestions.docx","17353","03-Aug-2025 11:24:40"
"M:\OneDrive\Documents\GitHub\CAPM_Exam\backup\data_backup_20250805_095324\CourseraQuestions.docx","17353","03-Aug-2025 11:24:40"
"M:\OneDrive\Documents\GitHub\CAPM_Exam\backup\data_backup_20250805_162652\CourseraQuestions.docx","17353","03-Aug-2025 11:24:40"
